<Ui>
    <Script file="Libs\Ace3\LibStub\LibStub.lua"/>
    <Include file="Libs\Ace3\CallbackHandler-1.0\CallbackHandler-1.0.xml"/>
    <Script file="Libs\LibDataBroker-1.1\LibDataBroker-1.1.lua"/>
    <Script file="Libs\LibDBIcon-1.0\LibDBIcon-1.0.lua"/>
    <Include file="Libs\Ace3\AceDB-3.0\AceDB-3.0.xml"/>
    <Include file="Libs\Ace3\AceDBOptions-3.0\AceDBOptions-3.0.xml"/>
    <Include file="Libs\Ace3\AceGUI-3.0\AceGUI-3.0.xml"/>
    <Include file="Libs\Ace3\AceConfig-3.0\AceConfig-3.0.xml"/>
    <Include file="Libs\Ace3\AceComm-3.0\AceComm-3.0.xml"/>
    <Include file="Libs\Ace3\AceTimer-3.0\AceTimer-3.0.xml"/>
    <Include file="Libs\Ace3\AceHook-3.0\AceHook-3.0.xml"/>
    <Include file="Libs\Ace3\AceSerializer-3.0\AceSerializer-3.0.xml"/>
    <Include file="Libs\LibDeflate\lib.xml"/>
    <Include file="Libs\LibSharedMedia-3.0\lib.xml"/>
    <Include file="Libs\AceGUI-3.0-SharedMediaWidgets\widget.xml"/>
    <Include file="Libs\DRList-1.0\DRList-1.0.xml"/>
    <Include file="Libs\LibClassAuras-1.0\lib.xml"/>
    <Include file="Libs\LibSpellRange-1.0\lib.xml"/>
    <Include file="Libs\LibCustomGlow-1.0\LibCustomGlow-1.0.lua"/>
</Ui>